{
    "metadata":{
        "vertices":98,
        "type":"Geometry",
        "uvs":1,
        "faces":72,
        "version":3,
        "generator":"io_three",
        "normals":26
    },
    "normals":[0,-0.999969,0.00555437,0.262368,-0.964934,0.00537126,0.505356,-0.86288,0.00479141,0.712241,-0.701895,0.00390637,0.869198,-0.4944,0.00274667,0.966826,-0.255318,0.00140385,1,0,0,0.966826,0.255318,-0.00140385,0.869198,0.4944,-0.00274667,0.712241,0.701895,-0.00390637,0.505356,0.86288,-0.00479141,0.262368,0.964934,-0.00537126,0,0.999969,-0.00555437,-0.262368,0.964934,-0.00537126,-0.505356,0.86288,-0.00479141,-0.712241,0.701895,-0.00390637,-0.869198,0.4944,-0.00274667,-0.966826,0.255318,-0.00140385,-1,0,0,-0.966826,-0.255318,0.00140385,-0.869198,-0.4944,0.00274667,-0.712241,-0.701895,0.00390637,-0.505356,-0.86288,0.00479141,-0.262368,-0.964934,0.00537126,0,0.00555437,0.999969,0,-0.00555437,-0.999969],
    "faces":[41,91,93,50,1,0,1,2,3,0,0,1,1,41,1,50,51,2,3,2,4,5,1,1,2,2,41,2,51,27,84,5,4,6,7,2,2,3,3,41,84,27,95,68,7,6,8,9,3,3,4,4,41,68,95,58,69,9,8,10,11,4,4,5,5,41,69,58,59,76,11,10,12,13,5,5,6,6,41,76,59,74,77,13,12,14,15,6,6,7,7,41,77,74,75,96,15,14,16,17,7,7,8,8,41,96,75,87,9,17,16,18,19,8,8,9,9,41,9,87,72,10,19,18,20,21,9,9,10,10,41,10,72,73,11,21,20,22,23,10,10,11,11,41,11,73,56,52,23,22,24,25,11,11,12,12,41,52,56,57,53,25,24,26,27,12,12,13,13,41,53,57,62,54,27,26,28,29,13,13,14,14,41,54,62,63,55,29,28,30,31,14,14,15,15,41,55,63,40,88,31,30,32,33,15,15,16,16,41,88,40,70,89,33,32,34,35,16,16,17,17,41,89,70,71,78,35,34,36,37,17,17,18,18,41,78,71,66,79,37,36,38,39,18,18,19,19,41,79,66,67,60,39,38,40,41,19,19,20,20,41,60,67,80,61,41,40,42,43,20,20,21,21,41,61,80,81,22,43,42,44,45,21,21,22,22,41,22,81,47,23,45,44,46,47,22,22,23,23,41,23,47,93,91,47,46,48,49,23,23,0,0,40,0,92,48,0,3,1,24,24,24,40,92,83,48,3,5,1,24,24,24,40,83,3,48,5,7,1,24,24,24,40,3,4,48,7,9,1,24,24,24,40,4,5,48,9,11,1,24,24,24,40,5,6,48,11,13,1,24,24,24,40,6,7,48,13,15,1,24,24,24,40,7,8,48,15,17,1,24,24,24,40,8,85,48,17,19,1,24,24,24,40,85,86,48,19,21,1,24,24,24,40,86,82,48,21,23,1,24,24,24,40,82,12,48,23,25,1,24,24,24,40,12,13,48,25,27,1,24,24,24,40,13,14,48,27,29,1,24,24,24,40,14,15,48,29,31,1,24,24,24,40,15,16,48,31,33,1,24,24,24,40,16,17,48,33,35,1,24,24,24,40,17,18,48,35,37,1,24,24,24,40,18,19,48,37,39,1,24,24,24,40,19,20,48,39,41,1,24,24,24,40,20,21,48,41,43,1,24,24,24,40,21,64,48,43,45,1,24,24,24,40,64,65,48,45,47,1,24,24,24,40,65,0,48,47,49,1,24,24,24,40,25,24,49,2,1,0,25,25,25,40,26,25,49,4,2,0,25,25,25,40,90,26,49,6,4,0,25,25,25,40,28,90,49,8,6,0,25,25,25,40,29,28,49,10,8,0,25,25,25,40,30,29,49,12,10,0,25,25,25,40,31,30,49,14,12,0,25,25,25,40,32,31,49,16,14,0,25,25,25,40,33,32,49,18,16,0,25,25,25,40,34,33,49,20,18,0,25,25,25,40,35,34,49,22,20,0,25,25,25,40,36,35,49,24,22,0,25,25,25,40,37,36,49,26,24,0,25,25,25,40,38,37,49,28,26,0,25,25,25,40,39,38,49,30,28,0,25,25,25,40,94,39,49,32,30,0,25,25,25,40,41,94,49,34,32,0,25,25,25,40,42,41,49,36,34,0,25,25,25,40,43,42,49,38,36,0,25,25,25,40,44,43,49,40,38,0,25,25,25,40,45,44,49,42,40,0,25,25,25,40,46,45,49,44,42,0,25,25,25,40,97,46,49,46,44,0,25,25,25,40,24,97,49,48,46,0,25,25,25],
    "uvs":[[0,1,0,0,0.0416667,0,0.0416667,1,0.0833333,0,0.0833333,1,0.125,0,0.125,1,0.166667,0,0.166667,1,0.208333,0,0.208333,1,0.25,0,0.25,1,0.291667,0,0.291667,1,0.333333,0,0.333333,1,0.375,0,0.375,1,0.416667,0,0.416667,1,0.458333,0,0.458333,1,0.5,0,0.5,1,0.541667,0,0.541667,1,0.583333,0,0.583333,1,0.625,0,0.625,1,0.666667,0,0.666667,1,0.708333,0,0.708333,1,0.75,0,0.75,1,0.791667,0,0.791667,1,0.833333,0,0.833333,1,0.875,0,0.875,1,0.916667,0,0.916667,1,0.958333,0,0.958333,1,1,0,1,1]],
    "vertices":[-1.5765,-0.498734,3.29933,-1.44904,-0.481735,3.29924,-1.33025,-0.431735,3.29896,-1.2282,-0.352337,3.29852,-1.15,-0.248738,3.29794,-1.10075,-0.12814,3.29727,-1.084,0.00125789,3.29655,-1.10075,0.130656,3.29583,-1.15,0.251254,3.29515,-1.2282,0.354852,3.29457,-1.33025,0.434251,3.29413,-1.44904,0.48425,3.29385,-1.5765,0.50125,3.29376,-1.70396,0.48425,3.29385,-1.82275,0.434251,3.29413,-1.9248,0.354852,3.29457,-2.00301,0.251254,3.29515,-2.05226,0.130656,3.29583,-2.069,0.00125789,3.29655,-2.05226,-0.12814,3.29727,-2.00301,-0.248738,3.29794,-1.9248,-0.352337,3.29852,-1.82275,-0.431735,3.29896,-1.70396,-0.481735,3.29924,-1.5765,-0.50125,2.84824,-1.44904,-0.48425,2.84815,-1.33025,-0.434251,2.84787,-1.2282,-0.354852,2.84743,-1.15,-0.251254,2.84685,-1.10075,-0.130656,2.84618,-1.084,-0.00125762,2.84545,-1.10075,0.12814,2.84473,-1.15,0.248738,2.84406,-1.2282,0.352337,2.84348,-1.33025,0.431736,2.84304,-1.44904,0.481735,2.84276,-1.5765,0.498735,2.84267,-1.70396,0.481735,2.84276,-1.82275,0.431736,2.84304,-1.9248,0.352337,2.84348,-2.00301,0.248738,2.84406,-2.05226,0.12814,2.84473,-2.069,-0.00125762,2.84545,-2.05226,-0.130656,2.84618,-2.00301,-0.251254,2.84685,-1.9248,-0.354852,2.84743,-1.82275,-0.434251,2.84787,-1.70396,-0.48425,2.84815,-1.5765,0.00125789,3.29655,-1.5765,-0.00125762,2.84545,-1.44904,-0.48425,2.84815,-1.33025,-0.434251,2.84787,-1.5765,0.50125,3.29376,-1.70396,0.48425,3.29385,-1.82275,0.434251,3.29413,-1.9248,0.354852,3.29457,-1.5765,0.498735,2.84267,-1.70396,0.481735,2.84276,-1.10075,-0.130656,2.84618,-1.084,-0.00125762,2.84545,-2.00301,-0.248738,3.29794,-1.9248,-0.352337,3.29852,-1.82275,0.431736,2.84304,-1.9248,0.352337,2.84348,-1.82275,-0.431735,3.29896,-1.70396,-0.481735,3.29924,-2.05226,-0.130656,2.84618,-2.00301,-0.251254,2.84685,-1.15,-0.248738,3.29794,-1.10075,-0.12814,3.29727,-2.05226,0.12814,2.84473,-2.069,-0.00125762,2.84545,-1.33025,0.431736,2.84304,-1.44904,0.481735,2.84276,-1.10075,0.12814,2.84473,-1.15,0.248738,2.84406,-1.084,0.00125789,3.29655,-1.10075,0.130656,3.29583,-2.069,0.00125789,3.29655,-2.05226,-0.12814,3.29727,-1.9248,-0.354852,2.84743,-1.82275,-0.434251,2.84787,-1.44904,0.48425,3.29385,-1.33025,-0.431735,3.29896,-1.2282,-0.352337,3.29852,-1.2282,0.354852,3.29457,-1.33025,0.434251,3.29413,-1.2282,0.352337,2.84348,-2.00301,0.251254,3.29515,-2.05226,0.130656,3.29583,-1.2282,-0.354852,2.84743,-1.5765,-0.498734,3.29933,-1.44904,-0.481735,3.29924,-1.5765,-0.50125,2.84824,-2.00301,0.248738,2.84406,-1.15,-0.251254,2.84685,-1.15,0.251254,3.29515,-1.70396,-0.48425,2.84815]
}